"","CHROM","POS","ID","REF","ALT","OR","P","GENE_NAME","DISTANCE"
"1",19,40132472,"rs2158937","C","T",1.88713,9.20558e-07,"AC005176.2",0
"2",14,72769920,"rs117757342","A","G",2.82681,2.04329e-06,"RGS6",0
"3",18,9406015,"rs79126399","A","G",2.6355,2.29561e-06,"TWSG1",3596
"4",7,522043,"rs118051507","G","A",2.79461,3.35166e-06,"AC147651.1",1700
"5",14,34755751,"rs79434931","C","T",2.76979,4.96593e-06,"EGLN3",0
"6",16,1200232,"rs62012311","C","T",2.22736,5.28798e-06,"CACNA1H",3008
"7",2,175349076,"rs115361661","C","T",2.99481,8.41319e-06,"GPR155",0
"8",7,46167359,"rs73107888","G","A",2.76816,8.49664e-06,"AC023669.2",17175
"9",1,102471839,"rs1415094","T","C",1.5634,8.98809e-06,"OLFM3",9252
"10",10,131080127,"rs11016735","A","G",2.27625,9.29176e-06,"RP11-168C9.1",0
"11",21,23757543,"rs35441718","C","T",1.66449,9.48462e-06,"AP000705.7",0
